{"cameraMode":{"drawMode":0,"name":"Shaded","section":"Shading Mode"},"sceneLighting":true,"audioPlay":false,"sceneViewState":{"m_AlwaysRefresh":false,"showFog":true,"showSkybox":true,"showFlares":true,"showImageEffects":true,"showParticleSystems":true,"showVisualEffectGraphs":true,"m_FxEnabled":true},"in2DMode":false,"pivot":{"x":0.5792407989501953,"y":3.3197641372680666,"z":10.781505584716797},"rotation":{"x":-0.16671627759933473,"y":0.4134303331375122,"z":-0.07728824764490128,"w":-0.8918043971061707},"size":8.499332427978516,"orthographic":false}